#Scan#	Adduct	CAS_Number	Charge	Compound_Name	Compound_Source	Data_Collector	ExactMass	FileScanUniqueID	INCHI	INCHI_AUX	Instrument	IonMode	Ion_Source	LibMZ	LibraryName	LibraryQualityString	Library_Class	MQScore	MZErrorPPM	MassDiff	NumberHits	Organism	PI	Precursor_MZ	Pubmed_ID	RT_Query	SharedPeaks	Smiles	SpecCharge	SpecMZ	SpectrumFile	SpectrumID	TIC_Query	UpdateWorkflowName	tags	internalFilename
528	M+H-C9H8O3	738750	1	N-(Phenylacetyl)-L-phenylalanine	Isolated	NIST	0.0	spectra/specs_ms.mgf528	InChI=1S/C17H17NO3/c19-16(12-14-9-5-2-6-10-14)18-15(17(20)21)11-13-7-3-1-4-8-13/h1-10,15H,11-12H2,(H,18,19)(H,20,21)/t15-/m0/s1	N/A	HCD	Positive	ESI	120.081	lib-00033.mgf	Bronze	3	0.997014	0.825962	9.91821e-05	1	NIST17	NIST	120.081	N/A	0	6	C1=CC=C(C=C1)CC(C(=O)O)NC(=O)CC2=CC=CC=C2	1	120.081	specs_ms.mgf	CCMSLIB00003650993	12240	UPDATE-SINGLE-ANNOTATED-BRONZE	 	specs_ms.mgf
940	M+H	28047156	1	Phenylacetyl-L-glutamine	Isolated	NIST	0.0	spectra/specs_ms.mgf940	InChI=1S/C13H16N2O4/c14-11(16)7-6-10(13(18)19)15-12(17)8-9-4-2-1-3-5-9/h1-5,10H,6-8H2,(H2,14,16)(H,15,17)(H,18,19)/t10-/m0/s1	N/A	HCD	Positive	ESI	265.118	lib-00033.mgf	Bronze	3	0.992981	1.84175	0.000488281	1	NIST17	NIST	265.118	N/A	0	7	C1=CC=C(C=C1)CC(=O)NC(CCC(=O)N)C(=O)O	1	265.118	specs_ms.mgf	CCMSLIB00003372302	435500	UPDATE-SINGLE-ANNOTATED-BRONZE	 	specs_ms.mgf
483	M-2H2O+H	 	1	"(R)-4-((3S,5S,7S,8R,9S,10S,12S,13R,14S,17R)-3,7,12-trihydroxy-10,13-dimethylhexadecahydro-1H-cyclopenta[a]phenanthren-17-yl)pentanoic acid"	crude	Emily Gentry	408.288	spectra/specs_ms.mgf483	"InChI=1S/C24H40O5/c1-13(4-7-21(28)29)16-5-6-17-22-18(12-20(27)24(16,17)3)23(2)9-8-15(25)10-14(23)11-19(22)26/h13-20,22,25-27H,4-12H2,1-3H3,(H,28,29)/t13-,14+,15+,16-,17+,18+,19+,20+,22+,23+,24-/m1/s1"	N/A	qTof	Positive	ESI	373.274	lib-00001.mgf	Gold	1	0.992275	9.07497	0.00338745	1	BILELIB19	Dorrestein	373.274	 	0	18	C[C@@H]([C@H]1CC[C@]2([H])[C@]1(C)[C@@H](O)C[C@@]3([H])[C@@]2([H])[C@@H](O)C[C@@]4([H])[C@]3(C)CC[C@H](O)C4)CCC(O)=O	1	373.271	specs_ms.mgf	CCMSLIB00005464868	164530	UPDATE-SINGLE-ANNOTATED-GOLD	 	specs_ms.mgf
613	M+H	61541	1	Spectral Match to Tryptamine from NIST14	Isolated	Data deposited by fevargas	0.0	spectra/specs_ms.mgf613	N/A	N/A	Q-TOF	Positive	ESI	161.108	lib-00032.mgf	Bronze	3	0.990631	0.568269	9.15527e-05	1	GNPS-NIST14-MATCHES	Data from Suryasarathi Dasgupta	161.108	N/A	0	6	N/A	1	161.108	specs_ms.mgf	CCMSLIB00003135424	36080	UPDATE-SINGLE-ANNOTATED-BRONZE	 	specs_ms.mgf
3	M+H	122112	1	Spectral Match to Sulfadimethoxine from NIST14	Isolated	Data deposited by fevargas	0.0	spectra/specs_ms.mgf3	N/A	N/A	Q-TOF	Positive	ESI	311.082	lib-00032.mgf	Bronze	3	0.98923	1.56962	0.000488281	1	GNPS-NIST14-MATCHES	Data from Suryasarathi Dasgupta	311.082	N/A	0	11	N/A	1	311.082	specs_ms.mgf	CCMSLIB00003138091	538410	UPDATE-SINGLE-ANNOTATED-BRONZE	 	specs_ms.mgf
1195	M-2H2O+H	81-25-4	1	Cholic acid	Commercial	Robin Schmid	408.288	spectra/specs_ms.mgf1195	InChI=1S/C24H40O5/c1-13(4-7-21(28)29)16-5-6-17-22-18(12-20(27)24(16,17)3)23(2)9-8-15(25)10-14(23)11-19(22)26/h13-20,22,25-27H,4-12H2,1-3H3,(H,28,29)/t13-,14+,15-,16-,17+,18+,19-,20+,22+,23+,24-/m1/s1	BHQCQFFYRZLCQQ-OELDTZBJSA-N	qTof	Positive	LC-ESI	373.274	lib-00013.mgf	Bronze	3	0.980295	26.2438	0.00979614	1	GNPS-LIBRARY	Uwe Karst	373.274	 	0	18	[H][C@@]12C[C@H](O)CC[C@]1(C)[C@@]1([H])C[C@H](O)[C@]3(C)[C@]([H])(CC[C@@]3([H])[C@]1([H])[C@H](O)C2)[C@H](C)CCC(O)=O	1	373.264	specs_ms.mgf	CCMSLIB00005435975	481510	UPDATE-SINGLE-ANNOTATED-BRONZE	 	specs_ms.mgf
1081	M+H-H2O	537984	1	Spectral Match to trans-Ferulic acid from NIST14	Isolated	Data deposited by fevargas	0.0	spectra/specs_ms.mgf1081	N/A	N/A	Q-TOF	Positive	ESI	177.054	lib-00032.mgf	Bronze	3	0.979734	12.4101	0.00219727	1	GNPS-NIST14-MATCHES	Data from Suryasarathi Dasgupta	177.054	N/A	0	7	N/A	1	177.056	specs_ms.mgf	CCMSLIB00003138690	17360	UPDATE-SINGLE-ANNOTATED-BRONZE	 	specs_ms.mgf
630	M+H	6921615	1	Spectral Match to Urobilin from NIST14	Isolated	Data deposited by fevargas	0.0	spectra/specs_ms.mgf630	N/A	N/A	HCD	Positive	ESI	591.318	lib-00032.mgf	Bronze	3	0.979478	12.4895	0.00738525	1	GNPS-NIST14-MATCHES	Data from Suryasarathi Dasgupta	591.318	N/A	0	20	N/A	1	591.325	specs_ms.mgf	CCMSLIB00003138997	3.26688e+06	UPDATE-SINGLE-ANNOTATED-BRONZE	 	specs_ms.mgf
31	M-2H2O+H	 	1	"(R)-4-((3R,5S,7R,8R,9S,10S,12S,13R,14S,17R)-3,7,12-trihydroxy-10,13-dimethylhexadecahydro-1H-cyclopenta[a]phenanthren-17-yl)pentanoic acid"	crude	Emily Gentry	408.288	spectra/specs_ms.mgf31	"InChI=1S/C24H40O5/c1-13(4-7-21(28)29)16-5-6-17-22-18(12-20(27)24(16,17)3)23(2)9-8-15(25)10-14(23)11-19(22)26/h13-20,22,25-27H,4-12H2,1-3H3,(H,28,29)/t13-,14+,15-,16-,17+,18+,19-,20+,22+,23+,24-/m1/s1"	N/A	qTof	Positive	ESI	373.274	lib-00001.mgf	Gold	1	0.974991	9.15673	0.00341797	1	BILELIB19	Dorrestein	373.274	 	0	17	C[C@@H]([C@H]1CC[C@]2([H])[C@]1(C)[C@@H](O)C[C@@]3([H])[C@@]2([H])[C@H](O)C[C@@]4([H])[C@]3(C)CC[C@@H](O)C4)CCC(O)=O	1	373.277	specs_ms.mgf	CCMSLIB00005464864	412700	UPDATE-SINGLE-ANNOTATED-GOLD	 	specs_ms.mgf
674	M+H	94622	1	Piperine	Isolated	NIST	0.0	spectra/specs_ms.mgf674	InChI=1S/C17H19NO3/c19-17(18-10-4-1-5-11-18)7-3-2-6-14-8-9-15-16(12-14)21-13-20-15/h2-3,6-9,12H,1,4-5,10-11,13H2/b6-2+,7-3+	N/A	HCD	Positive	ESI	286.144	lib-00033.mgf	Bronze	3	0.966598	13.9713	0.0039978	1	NIST17	NIST	286.144	N/A	0	9	C1CCN(CC1)C(=O)C=CC=CC2=CC3=C(C=C2)OCO3	1	286.148	specs_ms.mgf	CCMSLIB00003344489	542080	UPDATE-SINGLE-ANNOTATED-BRONZE	 	specs_ms.mgf
891	M+H	59314	1	Quinolin-2-ol	Isolated	NIST	0.0	spectra/specs_ms.mgf891	InChI=1S/C9H7NO/c11-9-6-5-7-3-1-2-4-8(7)10-9/h1-6H,(H,10,11)	N/A	HCD	Positive	ESI	146.06	lib-00033.mgf	Bronze	3	0.966175	5.53687	0.000808716	1	NIST17	NIST	146.06	N/A	0	7	C1=CC=C2C(=C1)C=CC(=O)N2	1	146.061	specs_ms.mgf	CCMSLIB00003702238	55880	UPDATE-SINGLE-ANNOTATED-BRONZE	 	specs_ms.mgf
1008	M+H-C2H6O	84662	1	Spectral Match to Diethyl phthalate from NIST14	Isolated	Data deposited by lamccall	0.0	spectra/specs_ms.mgf1008	N/A	N/A	QqQ	Positive	ESI	177.057	lib-00032.mgf	Bronze	3	0.964454	7.92857	0.00140381	1	GNPS-NIST14-MATCHES	Data from James McKerrow	177.057	N/A	0	6	N/A	1	177.056	specs_ms.mgf	CCMSLIB00003136268	11130	UPDATE-SINGLE-ANNOTATED-BRONZE	 	specs_ms.mgf
1235	M+H	15450767	1	Quinoline-2,8-diol	Isolated	NIST	0.0	spectra/specs_ms.mgf1235	InChI=1S/C9H7NO2/c11-7-3-1-2-6-4-5-8(12)10-9(6)7/h1-5,11H,(H,10,12)	N/A	HCD	Positive	ESI	162.055	lib-00033.mgf	Bronze	3	0.964165	4.99038	0.000808716	1	NIST17	NIST	162.055	N/A	0	6	C1=CC2=C(C(=C1)O)NC(=O)C=C2	1	162.056	specs_ms.mgf	CCMSLIB00003702183	71100	UPDATE-SINGLE-ANNOTATED-BRONZE	 	specs_ms.mgf
1259	M+H-CH6O2	2733860	1	cis-12-Octadecenoic acid methyl ester	Isolated	NIST	0.0	spectra/specs_ms.mgf1259	InChI=1S/C19H36O2/c1-3-4-5-6-7-8-9-10-11-12-13-14-15-16-17-18-19(20)21-2/h7-8H,3-6,9-18H2,1-2H3/b8-7-	N/A	HCD	Positive	ESI	247.242	lib-00033.mgf	Bronze	3	0.962917	39.6217	0.00979614	1	NIST17	NIST	247.242	N/A	0	11	CCCCCC=CCCCCCCCCCCC(=O)OC	1	247.252	specs_ms.mgf	CCMSLIB00003710052	15180	UPDATE-SINGLE-ANNOTATED-BRONZE	 	specs_ms.mgf
477	M+H	 	1	"(4R)-4-((3S,5S,7S,9S,10S,13R,14S,17R)-3,7-dihydroxy-10,13-dimethyl-12-oxohexadecahydro-1H-cyclopenta[a]phenanthren-17-yl)pentanoic acid"	crude	Emily Gentry	406.272	spectra/specs_ms.mgf477	"InChI=1S/C24H38O5/c1-13(4-7-21(28)29)16-5-6-17-22-18(12-20(27)24(16,17)3)23(2)9-8-15(25)10-14(23)11-19(22)26/h13-19,22,25-26H,4-12H2,1-3H3,(H,28,29)/t13-,14+,15+,16-,17+,18+,19+,22+,23+,24-/m1/s1"	N/A	qTof	Positive	ESI	407.279	lib-00001.mgf	Gold	1	0.962829	14.9861	0.00610352	1	BILELIB19	Dorrestein	407.279	 	0	19	O[C@H]1CC[C@@]2(C)[C@H](C[C@H](O)[C@]([C@H]3[C@@]4(C)[C@@H]([C@H](C)CCC(O)=O)CC3)([H])[C@@H]2CC4=O)C1	1	407.273	specs_ms.mgf	CCMSLIB00005465138	322310	UPDATE-SINGLE-ANNOTATED-GOLD	 	specs_ms.mgf
963	2M+H	 	1	"(4R)-4-((3R,5S,7S,9S,10S,13R,14S,17R)-3,7-dihydroxy-10,13-dimethylhexadecahydro-1H-cyclopenta[a]phenanthren-17-yl)pentanoic acid"	crude	Emily Gentry	392.293	spectra/specs_ms.mgf963	"InChI=1S/C24H40O4/c1-14(4-7-21(27)28)17-5-6-18-22-19(9-11-24(17,18)3)23(2)10-8-16(25)12-15(23)13-20(22)26/h14-20,22,25-26H,4-13H2,1-3H3,(H,27,28)/t14-,15+,16-,17-,18+,19+,20+,22+,23+,24-/m1/s1"	N/A	qTof	Positive	ESI	785.593	lib-00001.mgf	Gold	1	0.961467	21.2102	0.0166626	1	BILELIB19	Dorrestein	785.593	 	0	22	[H][C@@]1([C@@H](O)C[C@H]2[C@]3(C)CC[C@@H](O)C2)[C@@H]3CC[C@@]4(C)[C@H]1CC[C@@H]4[C@@H](CCC(O)=O)C	1	785.61	specs_ms.mgf	CCMSLIB00005465385	2.58128e+06	UPDATE-SINGLE-ANNOTATED-GOLD	 	specs_ms.mgf
534	2M+H	83443	1	Spectral Match to Deoxycholic acid from NIST14	Isolated	Data deposited by quinnr	0.0	spectra/specs_ms.mgf534	N/A	N/A	Q-TOF	Positive	ESI	785.594	lib-00032.mgf	Bronze	3	0.958303	17.4032	0.0136719	1	GNPS-NIST14-MATCHES	Data from Dorrestein	785.594	N/A	0	20	N/A	1	785.58	specs_ms.mgf	CCMSLIB00003138541	3.59952e+06	UPDATE-SINGLE-ANNOTATED-BRONZE	 	specs_ms.mgf
1532	M+H	n/a	1	NCGC00169064-02!N-[2-(4-hydroxyphenyl)ethyl]acetamide	isolated	lfnothias	179.095	spectra/specs_ms.mgf1532	InChI=1S/C10H13NO2/c1-8(12)11-7-6-9-2-4-10(13)5-3-9/h2-5,13H,6-7H2,1H3,(H,11,12)	N/A	Maxis II HD Q-TOF Bruker	positive	LC-ESI	180.102	lib-00002.mgf	Gold	1	0.950494	6.69312	0.00120544	1	GNPS-NIH-NATURALPRODUCTSLIBRARY_ROUND2_POSITIVE	Jadhav/Dorrestein	180.102	n/a	0	6	CC(=O)NCCC1=CC=C(O)C=C1	1	180.101	specs_ms.mgf	CCMSLIB00000847443	5610	UPDATE-SINGLE-ANNOTATED-GOLD	 	specs_ms.mgf
103	M-H2O+H	 	1	"(R)-4-((3S,5S,8R,9S,10S,12S,13R,14S,17R)-3,12-dihydroxy-10,13-dimethylhexadecahydro-1H-cyclopenta[a]phenanthren-17-yl)pentanoic acid"	crude	Emily Gentry	392.293	spectra/specs_ms.mgf103	"InChI=1S/C24H40O4/c1-14(4-9-22(27)28)18-7-8-19-17-6-5-15-12-16(25)10-11-23(15,2)20(17)13-21(26)24(18,19)3/h14-21,25-26H,4-13H2,1-3H3,(H,27,28)/t14-,15+,16+,17+,18-,19+,20+,21+,23+,24-/m1/s1"	N/A	qTof	Positive	ESI	375.289	lib-00001.mgf	Gold	1	0.949783	6.09882	0.00228882	1	BILELIB19	Dorrestein	375.289	 	0	17	C[C@@H]([C@H]1CC[C@]2([H])[C@]1(C)[C@@H](O)C[C@@]3([H])[C@@]2([H])CC[C@]4([H])[C@]3(C)CC[C@H](O)C4)CCC(O)=O	1	375.291	specs_ms.mgf	CCMSLIB00005464837	145900	UPDATE-SINGLE-ANNOTATED-GOLD	 	specs_ms.mgf
681	M+H	 	1	"(4R)-4-((3S,5R,9S,10S,13R,14S,17R)-3-hydroxy-10,13-dimethyl-12-oxohexadecahydro-1H-cyclopenta[a]phenanthren-17-yl)pentanoic acid"	crude	Emily Gentry	390.277	spectra/specs_ms.mgf681	"InChI=1S/C24H38O4/c1-14(4-9-22(27)28)18-7-8-19-17-6-5-15-12-16(25)10-11-23(15,2)20(17)13-21(26)24(18,19)3/h14-20,25H,4-13H2,1-3H3,(H,27,28)/t14-,15-,16+,17+,18-,19+,20+,23+,24-/m1/s1"	N/A	qTof	Positive	ESI	391.284	lib-00001.mgf	Gold	1	0.946355	13.8048	0.00540161	1	BILELIB19	Dorrestein	391.284	 	0	17	[H][C@@]([C@@H]([C@@]12C)CC[C@@H]1[C@@H](CCC(O)=O)C)(CC[C@H]3[C@]4(C)CC[C@H](O)C3)[C@@H]4CC2=O	1	391.289	specs_ms.mgf	CCMSLIB00005464715	599100	UPDATE-SINGLE-ANNOTATED-GOLD	 	specs_ms.mgf
535	M+H	73223	1	Spectral Match to L-Tryptophan from NIST14	Isolated	Data deposited by dfloros	0.0	spectra/specs_ms.mgf535	N/A	N/A	Q-TOF	Positive	ESI	205.095	lib-00032.mgf	Bronze	3	0.946238	10.267	0.00210571	1	GNPS-NIST14-MATCHES	Data from Pieter Dorrestein	205.095	N/A	0	6	N/A	1	205.097	specs_ms.mgf	CCMSLIB00003135901	168100	UPDATE-SINGLE-ANNOTATED-BRONZE	 	specs_ms.mgf
1250	[M+H]+	19395-41-6	1	Massbank:EA070111 Ritalinic acid| 2-phenyl-2-(2-piperidinyl)acetic acid	Isolated	Massbank	0.0	spectra/specs_ms.mgf1250	1S/C13H17NO2/c15-13(16)12(10-6-2-1-3-7-10)11-8-4-5-9-14-11/h1-3,6-7,11-12,14H,4-5,8-9H2,(H,15,16)	N/A	LC-ESI-ITFT	Positive	ESI	220.133	lib-00004.mgf	Bronze	3	0.945178	8.17931	0.00180054	1	MASSBANK	Putative Massbank Match	220.133	N/A	0	7	c(ccc1C(C(=O)O)C(NCC2)CC2)cc1	1	220.135	specs_ms.mgf	CCMSLIB00000209097	124770	UPDATE-SINGLE-ANNOTATED-BRONZE	 	specs_ms.mgf
805	M-H2O+H	 	1	"(R)-4-((3S,5R,8R,9S,10S,13R,14S,17R)-3-hydroxy-10,13-dimethylhexadecahydro-1H-cyclopenta[a]phenanthren-17-yl)pentanoic acid"	crude	Emily Gentry	376.298	spectra/specs_ms.mgf805	"InChI=1S/C24H40O3/c1-15(4-9-22(26)27)19-7-8-20-18-6-5-16-14-17(25)10-12-23(16,2)21(18)11-13-24(19,20)3/h15-21,25H,4-14H2,1-3H3,(H,26,27)/t15-,16-,17+,18+,19-,20+,21+,23+,24-/m1/s1"	N/A	qTof	Positive	ESI	359.294	lib-00001.mgf	Gold	1	0.942655	40.855	0.014679	1	BILELIB19	Dorrestein	359.294	 	0	16	C[C@@H]([C@H]1CC[C@]2([H])[C@]1(C)CC[C@@]3([H])[C@@]2([H])CC[C@@]4([H])[C@]3(C)CC[C@H](O)C4)CCC(O)=O	1	359.309	specs_ms.mgf	CCMSLIB00005465714	62620	UPDATE-SINGLE-ANNOTATED-GOLD	 	specs_ms.mgf
946	M-H2O+H	 	1	"(4R)-4-((3R,5S,7S,9S,10S,12S,13R,14S,17R)-3,7,12-trihydroxy-10,13-dimethylhexadecahydro-1H-cyclopenta[a]phenanthren-17-yl)pentanoic acid"	crude	Emily Gentry	408.288	spectra/specs_ms.mgf946	"InChI=1S/C24H40O5/c1-13(4-7-21(28)29)16-5-6-17-22-18(12-20(27)24(16,17)3)23(2)9-8-15(25)10-14(23)11-19(22)26/h13-20,22,25-27H,4-12H2,1-3H3,(H,28,29)/t13-,14+,15-,16-,17+,18+,19+,20+,22+,23+,24-/m1/s1"	N/A	qTof	Positive	ESI	391.284	lib-00001.mgf	Gold	1	0.940394	10.7631	0.00421143	1	BILELIB19	Dorrestein	391.284	 	0	17	[H][C@@]1([C@@H](O)C[C@H]2[C@]3(C)CC[C@@H](O)C2)[C@@H]3C[C@H](O)[C@@]4(C)[C@H]1CC[C@@H]4[C@@H](CCC(O)=O)C	1	391.28	specs_ms.mgf	CCMSLIB00005464934	89260	UPDATE-SINGLE-ANNOTATED-GOLD	 	specs_ms.mgf
952	M-2H2O+H	 	1	"(R)-4-((3R,4R,5S,8S,9S,10R,13R,14S,17R)-3,4-dihydroxy-10,13-dimethylhexadecahydro-1H-cyclopenta[a]phenanthren-17-yl)pentanoic acid"	crude	Emily Gentry	392.293	spectra/specs_ms.mgf952	"InChI=1S/C24H40O4/c1-14(4-9-21(26)27)16-7-8-17-15-5-6-19-22(28)20(25)11-13-24(19,3)18(15)10-12-23(16,17)2/h14-20,22,25,28H,4-13H2,1-3H3,(H,26,27)/t14-,15+,16-,17+,18+,19-,20-,22-,23-,24-/m1/s1"	N/A	qTof	Positive	ESI	357.279	lib-00001.mgf	Gold	1	0.939485	22.6354	0.00808716	1	BILELIB19	Dorrestein	357.279	 	0	14	C[C@@H]([C@H]1CC[C@]2([H])[C@]1(C)CC[C@@]3([H])[C@@]2([H])CC[C@@]4([H])[C@]3(C)CC[C@@H](O)[C@@H]4O)CCC(O)=O	1	357.271	specs_ms.mgf	CCMSLIB00005464771	26550	UPDATE-SINGLE-ANNOTATED-GOLD	 	specs_ms.mgf
515	M+H-CH3NH2	526318	1	Spectral Match to Abrine from NIST14	Isolated	Data deposited by negarg	0.0	spectra/specs_ms.mgf515	N/A	N/A	QqQ	Positive	ESI	188.07	lib-00032.mgf	Bronze	3	0.933279	5.84162	0.00109863	1	GNPS-NIST14-MATCHES	Data from Pieter C. Dorrestein	188.07	N/A	0	8	N/A	1	188.071	specs_ms.mgf	CCMSLIB00003135972	50500	UPDATE-SINGLE-ANNOTATED-BRONZE	 	specs_ms.mgf
846	M-2H2O+H	 	1	"(R)-4-((3R,5S,7S,8R,9S,10S,12S,13R,14S,17R)-3,7,12-trihydroxy-10,13-dimethylhexadecahydro-1H-cyclopenta[a]phenanthren-17-yl)pentanoic acid"	crude	Emily Gentry	408.288	spectra/specs_ms.mgf846	"InChI=1S/C24H40O5/c1-13(4-7-21(28)29)16-5-6-17-22-18(12-20(27)24(16,17)3)23(2)9-8-15(25)10-14(23)11-19(22)26/h13-20,22,25-27H,4-12H2,1-3H3,(H,28,29)/t13-,14+,15-,16-,17+,18+,19+,20+,22+,23+,24-/m1/s1"	N/A	qTof	Positive	ESI	373.274	lib-00001.mgf	Gold	1	0.927403	0.327026	0.00012207	1	BILELIB19	Dorrestein	373.274	 	0	17	C[C@@H]([C@H]1CC[C@]2([H])[C@]1(C)[C@@H](O)C[C@@]3([H])[C@@]2([H])[C@@H](O)C[C@@]4([H])[C@]3(C)CC[C@@H](O)C4)CCC(O)=O	1	373.274	specs_ms.mgf	CCMSLIB00005465753	98900	UPDATE-SINGLE-ANNOTATED-GOLD	 	specs_ms.mgf
1419	M+H	n/a	1	sphinganine related molecules	Commercial	lfnothias	301.298	spectra/specs_ms.mgf1419	n/a	N/A	qTof	Positive	LC-ESI	302.305	lib-00025.mgf	Gold	1	0.919104	39.3704	0.0119019	1	GNPS-COLLECTIONS-MISC	Dorrestein/Wu	302.305	n/a	0	10	 	1	302.317	specs_ms.mgf	CCMSLIB00001058181	42470	UPDATE-SINGLE-ANNOTATED-GOLD	 	specs_ms.mgf
1414	M+H	5130290	1	Spectral Match to 12-Ketodeoxycholic acid from NIST14	Isolated	Data deposited by fevargas	0.0	spectra/specs_ms.mgf1414	N/A	N/A	qTof	Positive	LC-ESI	391.284	lib-00032.mgf	Bronze	3	0.918694	3.5877	0.00140381	1	GNPS-NIST14-MATCHES	Data from Joshua Wollam	391.284	N/A	0	17	CC(CCC(=O)O)C1CCC2C1(C(=O)CC3C2CCC4C3(CCC(C4)O)C)C	1	391.283	specs_ms.mgf	CCMSLIB00003135123	1.01721e+06	UPDATE-SINGLE-ANNOTATED-BRONZE	 	specs_ms.mgf
1193	M+H	5130290	1	Spectral Match to 12-Ketodeoxycholic acid from NIST14	Isolated	Data deposited by fevargas	0.0	spectra/specs_ms.mgf1193	N/A	N/A	qTof	Positive	LC-ESI	391.284	lib-00032.mgf	Bronze	3	0.918694	17.6265	0.00689697	1	GNPS-NIST14-MATCHES	Data from Joshua Wollam	391.284	N/A	0	17	CC(CCC(=O)O)C1CCC2C1(C(=O)CC3C2CCC4C3(CCC(C4)O)C)C	1	391.277	specs_ms.mgf	CCMSLIB00003135123	1.01721e+06	UPDATE-SINGLE-ANNOTATED-BRONZE	 	specs_ms.mgf
770	M+H	n/a	1	sphinganine related molecules	Commercial	lfnothias	301.298	spectra/specs_ms.mgf770	n/a	N/A	qTof	Positive	LC-ESI	302.305	lib-00025.mgf	Gold	1	0.918351	0.302849	9.15527e-05	1	GNPS-COLLECTIONS-MISC	Dorrestein/Wu	302.305	n/a	0	9	 	1	302.305	specs_ms.mgf	CCMSLIB00001058181	89650	UPDATE-SINGLE-ANNOTATED-GOLD	 	specs_ms.mgf
2	M+H	5130290	1	Spectral Match to 12-Ketodeoxycholic acid from NIST14	Isolated	Data deposited by fevargas	0.0	spectra/specs_ms.mgf2	N/A	N/A	qTof	Positive	LC-ESI	391.284	lib-00032.mgf	Bronze	3	0.9173	6.39546	0.00250244	1	GNPS-NIST14-MATCHES	Data from Joshua Wollam	391.284	N/A	0	17	CC(CCC(=O)O)C1CCC2C1(C(=O)CC3C2CCC4C3(CCC(C4)O)C)C	1	391.286	specs_ms.mgf	CCMSLIB00003135123	1.232e+06	UPDATE-SINGLE-ANNOTATED-BRONZE	 	specs_ms.mgf
1441	M+H	5130290	1	Spectral Match to 12-Ketodeoxycholic acid from NIST14	Isolated	Data deposited by fevargas	0.0	spectra/specs_ms.mgf1441	N/A	N/A	qTof	Positive	LC-ESI	391.284	lib-00032.mgf	Bronze	3	0.9173	31.6653	0.0123901	1	GNPS-NIST14-MATCHES	Data from Joshua Wollam	391.284	N/A	0	17	CC(CCC(=O)O)C1CCC2C1(C(=O)CC3C2CCC4C3(CCC(C4)O)C)C	1	391.296	specs_ms.mgf	CCMSLIB00003135123	1.232e+06	UPDATE-SINGLE-ANNOTATED-BRONZE	 	specs_ms.mgf
825	[M+NH4]+	N/A	1	(2R,3S,4S,5R,6S)-2-[[(2S,3R,4R)-3,4-dihydroxy-4-(hydroxymethyl)oxolan-2-yl]oxymethyl]-6-(3,4,5-trimethoxyphenoxy)oxane-3,4,5-triol	isolated	MoNA:VF-NPL-QEHF009781	0.0	spectra/specs_ms.mgf825	InChI=1S/C20H30O13/c1-27-10-4-9(5-11(28-2)16(10)29-3)32-18-15(24)14(23)13(22)12(33-18)6-30-19-17(25)20(26,7-21)8-31-19/h4-5,12-15,17-19,21-26H,6-8H2,1-3H3/t12-,13-,14+,15-,17+,18-,19+,20-/m1/s1	N/A	ESI-QFT	positive	N/A	496.202	lib-00029.mgf	Bronze	3	0.915585	1.84507	0.000915527	1	MONA	MoNA	496.202	N/A	0	15	N/A	1	496.203	specs_ms.mgf	CCMSLIB00004700844	307600	UPDATE-SINGLE-ANNOTATED-BRONZE	 	specs_ms.mgf
771	M+H	123-78-4	1	C18_Sphingosine	Commercial standard	Amina	299.282	spectra/specs_ms.mgf771	N/A	N/A	Q-TOF	Positive	ESI	300.29	lib-00013.mgf	Silver	2	0.910446	7.72365	0.00231934	1	GNPS-LIBRARY	Dorrestein	300.29	N/A	0	12	CCCCCCCCCCCCCC=CC(C(CO)N)O	1	300.288	specs_ms.mgf	CCMSLIB00000077202	102520	UPDATE-SINGLE-ANNOTATED-SILVER	 	specs_ms.mgf
566	M+H-C6H8O6	16110104	1	p-Acetamidophenyl .beta.-D-glucuronide	Isolated	NIST	0.0	spectra/specs_ms.mgf566	InChI=1S/C14H17NO8/c1-6(16)15-7-2-4-8(5-3-7)22-14-11(19)9(17)10(18)12(23-14)13(20)21/h2-5,9-12,14,17-19H,1H3,(H,15,16)(H,20,21)/t9-,10-,11+,12-,14+/m0/s1	N/A	HCD	Positive	ESI	152.071	lib-00033.mgf	Bronze	3	0.909093	2.60884	0.000396729	1	NIST17	NIST	152.071	N/A	0	6	CC(=O)NC1=CC=C(C=C1)OC2C(C(C(C(O2)C(=O)O)O)O)O	1	152.07	specs_ms.mgf	CCMSLIB00003377475	14760	UPDATE-SINGLE-ANNOTATED-BRONZE	 	specs_ms.mgf
475	M-3H2O+H	81-25-4	1	Cholic acid	Commercial	Robin Schmid	408.288	spectra/specs_ms.mgf475	InChI=1S/C24H40O5/c1-13(4-7-21(28)29)16-5-6-17-22-18(12-20(27)24(16,17)3)23(2)9-8-15(25)10-14(23)11-19(22)26/h13-20,22,25-27H,4-12H2,1-3H3,(H,28,29)/t13-,14+,15-,16-,17+,18+,19-,20+,22+,23+,24-/m1/s1	BHQCQFFYRZLCQQ-OELDTZBJSA-N	qTof	Positive	LC-ESI	355.263	lib-00013.mgf	Bronze	3	0.908574	5.06818	0.00180054	1	GNPS-LIBRARY	Uwe Karst	355.263	 	0	17	[H][C@@]12C[C@H](O)CC[C@]1(C)[C@@]1([H])C[C@H](O)[C@]3(C)[C@]([H])(CC[C@@]3([H])[C@]1([H])[C@H](O)C2)[C@H](C)CCC(O)=O	1	355.265	specs_ms.mgf	CCMSLIB00005435979	197200	UPDATE-SINGLE-ANNOTATED-BRONZE	 	specs_ms.mgf
658	M-2H2O+H	 	1	"(R)-4-((3R,5S,8R,9S,10S,12R,13R,14S,17R)-3,12-dihydroxy-10,13-dimethylhexadecahydro-1H-cyclopenta[a]phenanthren-17-yl)pentanoic acid"	crude	Emily Gentry	392.293	spectra/specs_ms.mgf658	"InChI=1S/C24H40O4/c1-14(4-9-22(27)28)18-7-8-19-17-6-5-15-12-16(25)10-11-23(15,2)20(17)13-21(26)24(18,19)3/h14-21,25-26H,4-13H2,1-3H3,(H,27,28)/t14-,15+,16-,17+,18-,19+,20+,21-,23+,24-/m1/s1"	N/A	qTof	Positive	ESI	357.279	lib-00001.mgf	Gold	1	0.907123	19.9021	0.0071106	1	BILELIB19	Dorrestein	357.279	 	0	15	C[C@@H]([C@H]1CC[C@]2([H])[C@]1(C)[C@H](O)C[C@@]3([H])[C@@]2([H])CC[C@]4([H])[C@]3(C)CC[C@@H](O)C4)CCC(O)=O	1	357.286	specs_ms.mgf	CCMSLIB00005464834	84700	UPDATE-SINGLE-ANNOTATED-GOLD	 	specs_ms.mgf
1416	M+H	123-78-4	1	C18_Sphingosine	Commercial standard	Amina	299.282	spectra/specs_ms.mgf1416	N/A	N/A	Q-TOF	Positive	ESI	300.29	lib-00013.mgf	Silver	2	0.90592	29.2686	0.00878906	1	GNPS-LIBRARY	Dorrestein	300.29	N/A	0	10	CCCCCCCCCCCCCC=CC(C(CO)N)O	1	300.299	specs_ms.mgf	CCMSLIB00000077202	127370	UPDATE-SINGLE-ANNOTATED-SILVER	 	specs_ms.mgf
464	M+H	6921615	1	Spectral Match to Urobilin from NIST14	Isolated	Data deposited by fevargas	0.0	spectra/specs_ms.mgf464	N/A	N/A	HCD	Positive	ESI	591.318	lib-00032.mgf	Bronze	3	0.899951	8.56716	0.00506592	1	GNPS-NIST14-MATCHES	Data from Suryasarathi Dasgupta	591.318	N/A	0	20	N/A	1	591.313	specs_ms.mgf	CCMSLIB00003138997	4.47374e+06	UPDATE-SINGLE-ANNOTATED-BRONZE	 	specs_ms.mgf
1197	M-3H2O+H	81-25-4	1	Cholic acid	Commercial	Robin Schmid	408.288	spectra/specs_ms.mgf1197	InChI=1S/C24H40O5/c1-13(4-7-21(28)29)16-5-6-17-22-18(12-20(27)24(16,17)3)23(2)9-8-15(25)10-14(23)11-19(22)26/h13-20,22,25-27H,4-12H2,1-3H3,(H,28,29)/t13-,14+,15-,16-,17+,18+,19-,20+,22+,23+,24-/m1/s1	BHQCQFFYRZLCQQ-OELDTZBJSA-N	qTof	Positive	LC-ESI	355.263	lib-00013.mgf	Bronze	3	0.896975	28.6911	0.0101929	1	GNPS-LIBRARY	Uwe Karst	355.263	 	0	16	[H][C@@]12C[C@H](O)CC[C@]1(C)[C@@]1([H])C[C@H](O)[C@]3(C)[C@]([H])(CC[C@@]3([H])[C@]1([H])[C@H](O)C2)[C@H](C)CCC(O)=O	1	355.253	specs_ms.mgf	CCMSLIB00005435979	128280	UPDATE-SINGLE-ANNOTATED-BRONZE	 	specs_ms.mgf
802	M-2H2O+H	 	1	"(4R)-4-((3S,5R,9S,10S,13R,14S,17R)-3-hydroxy-10,13-dimethyl-12-oxohexadecahydro-1H-cyclopenta[a]phenanthren-17-yl)pentanoic acid"	crude	Emily Gentry	390.277	spectra/specs_ms.mgf802	"InChI=1S/C24H38O4/c1-14(4-9-22(27)28)18-7-8-19-17-6-5-15-12-16(25)10-11-23(15,2)20(17)13-21(26)24(18,19)3/h14-20,25H,4-13H2,1-3H3,(H,27,28)/t14-,15-,16+,17+,18-,19+,20+,23+,24-/m1/s1"	N/A	qTof	Positive	ESI	355.263	lib-00001.mgf	Gold	1	0.889069	18.0393	0.00640869	1	BILELIB19	Dorrestein	355.263	 	0	17	[H][C@@]([C@@H]([C@@]12C)CC[C@@H]1[C@@H](CCC(O)=O)C)(CC[C@H]3[C@]4(C)CC[C@H](O)C3)[C@@H]4CC2=O	1	355.269	specs_ms.mgf	CCMSLIB00005464717	73060	UPDATE-SINGLE-ANNOTATED-GOLD	 	specs_ms.mgf
1196	M-2H2O+H	 	1	"(R)-4-((3S,5S,8R,9S,10S,12S,13R,14S,17R)-3,12-dihydroxy-10,13-dimethylhexadecahydro-1H-cyclopenta[a]phenanthren-17-yl)pentanoic acid"	crude	Emily Gentry	392.293	spectra/specs_ms.mgf1196	"InChI=1S/C24H40O4/c1-14(4-9-22(27)28)18-7-8-19-17-6-5-15-12-16(25)10-11-23(15,2)20(17)13-21(26)24(18,19)3/h14-21,25-26H,4-13H2,1-3H3,(H,27,28)/t14-,15+,16+,17+,18-,19+,20+,21+,23+,24-/m1/s1"	N/A	qTof	Positive	ESI	357.279	lib-00001.mgf	Gold	1	0.888094	20.1583	0.00720215	1	BILELIB19	Dorrestein	357.279	 	0	14	C[C@@H]([C@H]1CC[C@]2([H])[C@]1(C)[C@@H](O)C[C@@]3([H])[C@@]2([H])CC[C@]4([H])[C@]3(C)CC[C@H](O)C4)CCC(O)=O	1	357.272	specs_ms.mgf	CCMSLIB00005464840	272000	UPDATE-SINGLE-ANNOTATED-GOLD	 	specs_ms.mgf
813	M+H	2420566	1	Spectral Match to Conjugated linoleic Acid (10E,12Z) from NIST14	Isolated	Data deposited by fevargas	0.0	spectra/specs_ms.mgf813	N/A	N/A	HCD	Positive	ESI	281.248	lib-00032.mgf	Bronze	3	0.88527	32.0098	0.00900269	1	GNPS-NIST14-MATCHES	Data from Suryasarathi Dasgupta	281.248	N/A	0	10	N/A	1	281.257	specs_ms.mgf	CCMSLIB00003138495	14830	UPDATE-SINGLE-ANNOTATED-BRONZE	 	specs_ms.mgf
1549	M+H-NH3	94702	1	Spectral Match to 1-Amino-2-ethoxybenzene from NIST14	Isolated	Data deposited by mjmeehan	0.0	spectra/specs_ms.mgf1549	N/A	N/A	HCD	Positive	ESI	121.065	lib-00032.mgf	Bronze	3	0.882546	0	0	1	GNPS-NIST14-MATCHES	Data from Jairam KP Vanamala, PhD	121.065	N/A	0	6	N/A	1	121.065	specs_ms.mgf	CCMSLIB00003136325	6710	UPDATE-SINGLE-ANNOTATED-BRONZE	 	specs_ms.mgf
885	M-2H2O+H	 	1	"(R)-4-((3R,5R,6R,8S,9S,10R,13R,14S,17R)-3,6-dihydroxy-10,13-dimethylhexadecahydro-1H-cyclopenta[a]phenanthren-17-yl)pentanoic acid"	crude	Emily Gentry	392.293	spectra/specs_ms.mgf885	"InChI=1S/C24H40O4/c1-14(4-7-22(27)28)17-5-6-18-16-13-21(26)20-12-15(25)8-10-24(20,3)19(16)9-11-23(17,18)2/h14-21,25-26H,4-13H2,1-3H3,(H,27,28)/t14-,15-,16+,17-,18+,19+,20+,21-,23-,24-/m1/s1"	N/A	qTof	Positive	ESI	357.279	lib-00001.mgf	Gold	1	0.880869	33.9104	0.0121155	1	BILELIB19	Dorrestein	357.279	 	0	16	C[C@@H]([C@H]1CC[C@]2([H])[C@]1(C)CC[C@@]3([H])[C@@]2([H])C[C@@H](O)[C@@]4([H])[C@]3(C)CC[C@@H](O)C4)CCC(O)=O	1	357.291	specs_ms.mgf	CCMSLIB00005464798	311100	UPDATE-SINGLE-ANNOTATED-GOLD	 	specs_ms.mgf
801	M-2H2O+H	 	1	"(R)-4-((3S,5S,7R,8R,9S,10S,13R,14S,17R)-3,7-dihydroxy-10,13-dimethyl-12-oxohexadecahydro-1H-cyclopenta[a]phenanthren-17-yl)pentanoic acid"	crude	Emily Gentry	406.272	spectra/specs_ms.mgf801	"InChI=1S/C24H38O5/c1-13(4-7-21(28)29)16-5-6-17-22-18(12-20(27)24(16,17)3)23(2)9-8-15(25)10-14(23)11-19(22)26/h13-19,22,25-26H,4-12H2,1-3H3,(H,28,29)/t13-,14+,15+,16-,17+,18+,19-,22+,23+,24-/m1/s1"	N/A	qTof	Positive	ESI	371.258	lib-00001.mgf	Gold	1	0.874327	29.6744	0.0110168	1	BILELIB19	Dorrestein	371.258	 	0	14	C[C@@H]([C@H]1CC[C@]2([H])[C@]1(C)C(C[C@@]3([H])[C@@]2([H])[C@H](O)C[C@@]4([H])[C@]3(C)CC[C@H](O)C4)=O)CCC(O)=O	1	371.269	specs_ms.mgf	CCMSLIB00005464788	259780	UPDATE-SINGLE-ANNOTATED-GOLD	 	specs_ms.mgf
405	M+H	2420566	1	10E,12Z-octadecadienoic acid	Isolated	NIST	0.0	spectra/specs_ms.mgf405	InChI=1S/C18H32O2/c1-2-3-4-5-6-7-8-9-10-11-12-13-14-15-16-17-18(19)20/h6-9H,2-5,10-17H2,1H3,(H,19,20)/b7-6-,9-8+	N/A	HCD	Positive	ESI	281.247	lib-00033.mgf	Bronze	3	0.872235	11.3933	0.00320435	1	NIST17	NIST	281.247	N/A	0	7	CCCCCC=CC=CCCCCCCCCC(=O)O	1	281.244	specs_ms.mgf	CCMSLIB00003328885	9020	UPDATE-SINGLE-ANNOTATED-BRONZE	 	specs_ms.mgf
884	M+H	21593771	1	S-Allyl-L-Cysteine	Isolated	NIST	0.0	spectra/specs_ms.mgf884	InChI=1S/C6H11NO2S/c1-2-3-10-4-5(7)6(8)9/h2,5H,1,3-4,7H2,(H,8,9)	N/A	HCD	Positive	ESI	162.058	lib-00033.mgf	Bronze	3	0.871056	12.3345	0.0019989	1	NIST17	NIST	162.058	N/A	0	6	C=CCSCC(C(=O)[O-])[NH3+]	1	162.056	specs_ms.mgf	CCMSLIB00003386636	121700	UPDATE-SINGLE-ANNOTATED-BRONZE	 	specs_ms.mgf
851	M-H2O+H	 	1	"(4R)-4-((3S,5S,7S,9S,10S,13R,14S,17R)-3,7-dihydroxy-10,13-dimethyl-12-oxohexadecahydro-1H-cyclopenta[a]phenanthren-17-yl)pentanoic acid"	crude	Emily Gentry	406.272	spectra/specs_ms.mgf851	"InChI=1S/C24H38O5/c1-13(4-7-21(28)29)16-5-6-17-22-18(12-20(27)24(16,17)3)23(2)9-8-15(25)10-14(23)11-19(22)26/h13-19,22,25-26H,4-12H2,1-3H3,(H,28,29)/t13-,14+,15+,16-,17+,18+,19+,22+,23+,24-/m1/s1"	N/A	qTof	Positive	ESI	389.268	lib-00001.mgf	Gold	1	0.866835	29.007	0.0112915	1	BILELIB19	Dorrestein	389.268	 	0	16	O[C@H]1CC[C@@]2(C)[C@H](C[C@H](O)[C@]([C@H]3[C@@]4(C)[C@@H]([C@H](C)CCC(O)=O)CC3)([H])[C@@H]2CC4=O)C1	1	389.279	specs_ms.mgf	CCMSLIB00005465139	439840	UPDATE-SINGLE-ANNOTATED-GOLD	 	specs_ms.mgf
740	M+H	16833548	1	Pinolenic acid	Isolated	NIST	0.0	spectra/specs_ms.mgf740	InChI=1S/C18H30O2/c1-2-3-4-5-6-7-8-9-10-11-12-13-14-15-16-17-18(19)20/h6-7,9-10,13-14H,2-5,8,11-12,15-17H2,1H3,(H,19,20)/b7-6-,10-9-,14-13-	N/A	HCD	Positive	ESI	279.232	lib-00033.mgf	Bronze	3	0.866092	22.1861	0.00619507	1	NIST17	NIST	279.232	N/A	0	10	CCCCCC=CCC=CCCC=CCCCC(=O)O	1	279.238	specs_ms.mgf	CCMSLIB00003328976	11460	UPDATE-SINGLE-ANNOTATED-BRONZE	 	specs_ms.mgf
828	M+H	2420566	1	Spectral Match to Conjugated linoleic Acid (10E,12Z) from NIST14	Isolated	Data deposited by fevargas	0.0	spectra/specs_ms.mgf828	N/A	N/A	HCD	Positive	ESI	281.248	lib-00032.mgf	Bronze	3	0.863832	20.725	0.00582886	1	GNPS-NIST14-MATCHES	Data from Suryasarathi Dasgupta	281.248	N/A	0	10	N/A	1	281.254	specs_ms.mgf	CCMSLIB00003138495	16820	UPDATE-SINGLE-ANNOTATED-BRONZE	 	specs_ms.mgf
7	M-H2O+H	 	1	"(4R)-4-((3S,5S,7S,9S,10S,13R,14S,17R)-3,7-dihydroxy-10,13-dimethyl-12-oxohexadecahydro-1H-cyclopenta[a]phenanthren-17-yl)pentanoic acid"	crude	Emily Gentry	406.272	spectra/specs_ms.mgf7	"InChI=1S/C24H38O5/c1-13(4-7-21(28)29)16-5-6-17-22-18(12-20(27)24(16,17)3)23(2)9-8-15(25)10-14(23)11-19(22)26/h13-19,22,25-26H,4-12H2,1-3H3,(H,28,29)/t13-,14+,15+,16-,17+,18+,19+,22+,23+,24-/m1/s1"	N/A	qTof	Positive	ESI	389.268	lib-00001.mgf	Gold	1	0.862257	10.2701	0.0039978	1	BILELIB19	Dorrestein	389.268	 	0	16	O[C@H]1CC[C@@]2(C)[C@H](C[C@H](O)[C@]([C@H]3[C@@]4(C)[C@@H]([C@H](C)CCC(O)=O)CC3)([H])[C@@H]2CC4=O)C1	1	389.272	specs_ms.mgf	CCMSLIB00005465139	740760	UPDATE-SINGLE-ANNOTATED-GOLD	 	specs_ms.mgf
1003	M+H	N/A	1	AmoxacillinNa	Isolated	Ed Esquenazi 	0.0	spectra/specs_ms.mgf1003	N/A	N/A	qTof	Positive	LC-ESI	384.123	lib-00008.mgf	Bronze	3	0.8611	11.9171	0.00457764	1	GNPS-SELLECKCHEM-FDA-PART1	Sirenas	384.123	N/A	0	13	N/A	1	384.118	specs_ms.mgf	CCMSLIB00000004285	233080	UPDATE-SINGLE-ANNOTATED-BRONZE	 	specs_ms.mgf
116	[M+H]+	N/A	1	MoNA:788880 Gabapentin Related Compound E	isolated	MoNA	0.0	spectra/specs_ms.mgf116	InChI=1S/C9H14O4/c10-7(11)6-9(8(12)13)4-2-1-3-5-9/h1-6H2,(H,10,11)(H,12,13)	N/A	LC-ESI-QFT	 	LC-ESI-QFT	187.096	lib-00029.mgf	Bronze	3	0.860833	2.69135	0.00050354	1	MONA	MoNA	187.096	N/A	0	6	N/A	1	187.096	specs_ms.mgf	CCMSLIB00000567916	6640	UPDATE-SINGLE-ANNOTATED-BRONZE	 	specs_ms.mgf
1467	M+H	53862354	1	Spectral Match to 1-Palmitoyl-2-hydroxy-sn-glycero-3-phosphoethanolamine from NIST14	Isolated	Data deposited by alchemistmatt	0.0	spectra/specs_ms.mgf1467	N/A	N/A	HCD	Positive	ESI	454.291	lib-00032.mgf	Bronze	3	0.860032	35.6706	0.0162048	1	GNPS-NIST14-MATCHES	Data from Katrina Waters;Yoshihiro Kawaoka;Michael Diamond;Richard Smith;Thomas Metz	454.291	N/A	0	11	N/A	1	454.307	specs_ms.mgf	CCMSLIB00003134881	131420	UPDATE-SINGLE-ANNOTATED-BRONZE	 	specs_ms.mgf
51	M-2H2O+H	 	1	"(4R)-4-((3R,5R,7R,9S,10S,13R,14S,17R)-3,7-dihydroxy-10,13-dimethylhexadecahydro-1H-cyclopenta[a]phenanthren-17-yl)pentanoic acid"	crude	Emily Gentry	392.293	spectra/specs_ms.mgf51	"InChI=1S/C24H40O4/c1-14(4-7-21(27)28)17-5-6-18-22-19(9-11-24(17,18)3)23(2)10-8-16(25)12-15(23)13-20(22)26/h14-20,22,25-26H,4-13H2,1-3H3,(H,27,28)/t14-,15-,16-,17-,18+,19+,20-,22+,23+,24-/m1/s1"	N/A	qTof	Positive	ESI	357.279	lib-00001.mgf	Gold	1	0.859045	2.5625	0.000915527	1	BILELIB19	Dorrestein	357.279	 	0	15	C[C@H](CCC(O)=O)[C@H]1CC[C@H]2[C@]([C@@H]3CC[C@@]21C)([H])[C@H](O)C[C@]4([H])[C@]3(C)CC[C@@H](O)C4	1	357.28	specs_ms.mgf	CCMSLIB00005465032	190500	UPDATE-SINGLE-ANNOTATED-GOLD	 	specs_ms.mgf
932	M+H	53862354	1	Spectral Match to 1-Palmitoyl-2-hydroxy-sn-glycero-3-phosphoethanolamine from NIST14	Isolated	Data deposited by alchemistmatt	0.0	spectra/specs_ms.mgf932	N/A	N/A	HCD	Positive	ESI	454.291	lib-00032.mgf	Bronze	3	0.858599	8.86727	0.00402832	1	GNPS-NIST14-MATCHES	Data from Katrina Waters;Yoshihiro Kawaoka;Michael Diamond;Richard Smith;Thomas Metz	454.291	N/A	0	12	N/A	1	454.295	specs_ms.mgf	CCMSLIB00003134881	200040	UPDATE-SINGLE-ANNOTATED-BRONZE	 	specs_ms.mgf
514	M-H2O+H	 	1	"(R)-4-((3S,5S,8R,9S,10S,12S,13R,14S,17R)-3,12-dihydroxy-10,13-dimethylhexadecahydro-1H-cyclopenta[a]phenanthren-17-yl)pentanoic acid"	crude	Emily Gentry	392.293	spectra/specs_ms.mgf514	"InChI=1S/C24H40O4/c1-14(4-9-22(27)28)18-7-8-19-17-6-5-15-12-16(25)10-11-23(15,2)20(17)13-21(26)24(18,19)3/h14-21,25-26H,4-13H2,1-3H3,(H,27,28)/t14-,15+,16+,17+,18-,19+,20+,21+,23+,24-/m1/s1"	N/A	qTof	Positive	ESI	375.289	lib-00001.mgf	Gold	1	0.853175	7.72517	0.00289917	1	BILELIB19	Dorrestein	375.289	 	0	17	C[C@@H]([C@H]1CC[C@]2([H])[C@]1(C)[C@@H](O)C[C@@]3([H])[C@@]2([H])CC[C@]4([H])[C@]3(C)CC[C@H](O)C4)CCC(O)=O	1	375.286	specs_ms.mgf	CCMSLIB00005464837	242950	UPDATE-SINGLE-ANNOTATED-GOLD	 	specs_ms.mgf
1082	M+H	99159872	1	(2R)-3-Hydroxyisovaleroylcarnitine	Isolated	NIST	0.0	spectra/specs_ms.mgf1082	N/A	N/A	HCD	Positive	ESI	262.165	lib-00033.mgf	Bronze	3	0.852175	1.51328	0.000396729	1	NIST17	NIST	262.165	N/A	0	6	N/A	1	262.164	specs_ms.mgf	CCMSLIB00003578560	31610	UPDATE-SINGLE-ANNOTATED-BRONZE	 	specs_ms.mgf
574	M+H-NH3	2922830	1	L-Kynurenine	Isolated	NIST	0.0	spectra/specs_ms.mgf574	InChI=1S/C10H12N2O3/c11-7-4-2-1-3-6(7)9(13)5-8(12)10(14)15/h1-4,8H,5,11-12H2,(H,14,15)	N/A	Q-TOF	Positive	ESI	192.066	lib-00033.mgf	Bronze	3	0.850256	3.57506	0.000686646	1	NIST17	NIST	192.066	N/A	0	6	C1=CC=C(C(=C1)C(=O)CC(C(=O)[O-])[NH3+])N	1	192.066	specs_ms.mgf	CCMSLIB00003182841	122190	UPDATE-SINGLE-ANNOTATED-BRONZE	 	specs_ms.mgf
465	M+H	80784	1	Solanidine	Isolated	NIST	0.0	spectra/specs_ms.mgf465	InChI=1S/C27H43NO/c1-16-5-8-23-17(2)25-24(28(23)15-16)14-22-20-7-6-18-13-19(29)9-11-26(18,3)21(20)10-12-27(22,25)4/h6,16-17,19-25,29H,5,7-15H2,1-4H3/t16-,17+,19-,20+,21-,22-,23+,24-,25-,26-,27-/m0/s1	N/A	HCD	Positive	ESI	398.342	lib-00033.mgf	Bronze	3	0.847028	11.2619	0.00448608	1	NIST17	NIST	398.342	N/A	0	10	CC1CCC2C(C3C(N2C1)CC4C3(CCC5C4CC=C6C5(CCC(C6)O)C)C)C	1	398.346	specs_ms.mgf	CCMSLIB00003303411	39360	UPDATE-SINGLE-ANNOTATED-BRONZE	 	specs_ms.mgf
1366	M-H2O+H	 	1	"(R)-4-((3S,5S,8R,9S,10S,12S,13R,14S,17R)-3,12-dihydroxy-10,13-dimethylhexadecahydro-1H-cyclopenta[a]phenanthren-17-yl)pentanoic acid"	crude	Emily Gentry	392.293	spectra/specs_ms.mgf1366	"InChI=1S/C24H40O4/c1-14(4-9-22(27)28)18-7-8-19-17-6-5-15-12-16(25)10-11-23(15,2)20(17)13-21(26)24(18,19)3/h14-21,25-26H,4-13H2,1-3H3,(H,27,28)/t14-,15+,16+,17+,18-,19+,20+,21+,23+,24-/m1/s1"	N/A	qTof	Positive	ESI	375.289	lib-00001.mgf	Gold	1	0.846744	29.0304	0.0108948	1	BILELIB19	Dorrestein	375.289	 	0	16	C[C@@H]([C@H]1CC[C@]2([H])[C@]1(C)[C@@H](O)C[C@@]3([H])[C@@]2([H])CC[C@]4([H])[C@]3(C)CC[C@H](O)C4)CCC(O)=O	1	375.3	specs_ms.mgf	CCMSLIB00005464837	161410	UPDATE-SINGLE-ANNOTATED-GOLD	 	specs_ms.mgf
833	M+H	N/A	1	Spectral Match to PyroGlu-Pro from NIST14	Isolated	Data deposited by lfnothias	0.0	spectra/specs_ms.mgf833	N/A	N/A	Q-TOF	Positive	ESI	227.103	lib-00032.mgf	Bronze	3	0.844296	3.49382	0.000793457	1	GNPS-NIST14-MATCHES	Data from Pieter Dorrestein	227.103	N/A	0	6	N/A	1	227.102	specs_ms.mgf	CCMSLIB00003135898	10730	UPDATE-SINGLE-ANNOTATED-BRONZE	 	specs_ms.mgf
1485	M+H-H2O	N/A	1	Spectral Match to 9(10)-EpOME from NIST14	Isolated	Data deposited by pmallard	0.0	spectra/specs_ms.mgf1485	N/A	N/A	HCD	Positive	ESI	279.232	lib-00032.mgf	Bronze	3	0.840583	1.85795	0.000518799	1	GNPS-NIST14-MATCHES	Data from Wolfender/Litaudon	279.232	N/A	0	7	N/A	1	279.233	specs_ms.mgf	CCMSLIB00003134722	8640	UPDATE-SINGLE-ANNOTATED-BRONZE	 	specs_ms.mgf
13	M-2H2O+H	 	1	"(R)-4-((3R,5R,6R,8S,9S,10R,13R,14S,17R)-3,6-dihydroxy-10,13-dimethylhexadecahydro-1H-cyclopenta[a]phenanthren-17-yl)pentanoic acid"	crude	Emily Gentry	392.293	spectra/specs_ms.mgf13	"InChI=1S/C24H40O4/c1-14(4-7-22(27)28)17-5-6-18-16-13-21(26)20-12-15(25)8-10-24(20,3)19(16)9-11-23(17,18)2/h14-21,25-26H,4-13H2,1-3H3,(H,27,28)/t14-,15-,16+,17-,18+,19+,20+,21-,23-,24-/m1/s1"	N/A	qTof	Positive	ESI	357.279	lib-00001.mgf	Gold	1	0.839059	0.5125	0.000183105	1	BILELIB19	Dorrestein	357.279	 	0	15	C[C@@H]([C@H]1CC[C@]2([H])[C@]1(C)CC[C@@]3([H])[C@@]2([H])C[C@@H](O)[C@@]4([H])[C@]3(C)CC[C@@H](O)C4)CCC(O)=O	1	357.279	specs_ms.mgf	CCMSLIB00005464798	18420	UPDATE-SINGLE-ANNOTATED-GOLD	 	specs_ms.mgf
1205	M-2H2O+H	 	1	"(4R)-4-((3S,5R,9S,10S,13R,14S,17R)-3-hydroxy-10,13-dimethyl-12-oxohexadecahydro-1H-cyclopenta[a]phenanthren-17-yl)pentanoic acid"	crude	Emily Gentry	390.277	spectra/specs_ms.mgf1205	"InChI=1S/C24H38O4/c1-14(4-9-22(27)28)18-7-8-19-17-6-5-15-12-16(25)10-11-23(15,2)20(17)13-21(26)24(18,19)3/h14-20,25H,4-13H2,1-3H3,(H,27,28)/t14-,15-,16+,17+,18-,19+,20+,23+,24-/m1/s1"	N/A	qTof	Positive	ESI	355.263	lib-00001.mgf	Gold	1	0.835439	10.9954	0.00390625	1	BILELIB19	Dorrestein	355.263	 	0	14	[H][C@@]([C@@H]([C@@]12C)CC[C@@H]1[C@@H](CCC(O)=O)C)(CC[C@H]3[C@]4(C)CC[C@H](O)C3)[C@@H]4CC2=O	1	355.259	specs_ms.mgf	CCMSLIB00005464717	121840	UPDATE-SINGLE-ANNOTATED-GOLD	 	specs_ms.mgf
125	M+H	n/a	1	NCGC00385223-01!(2R,3S)-7-[(2S,3R,4R)-3,4-dihydroxy-4-(hydroxymethyl)oxolan-2-yl]oxy-2-(3,4-dihydroxyphenyl)-3,4-dihydro-2H-chromene-3,5-diol	isolated	lfnothias	422.121	spectra/specs_ms.mgf125	InChI=1S/C20H22O10/c21-7-20(27)8-28-19(18(20)26)29-10-4-13(23)11-6-15(25)17(30-16(11)5-10)9-1-2-12(22)14(24)3-9/h1-5,15,17-19,21-27H,6-8H2/t15-,17+,18-,19-,20+/m0/s1	N/A	Maxis II HD Q-TOF Bruker	positive	LC-ESI	423.128	lib-00002.mgf	Gold	1	0.833834	2.88495	0.0012207	1	GNPS-NIH-NATURALPRODUCTSLIBRARY_ROUND2_POSITIVE	Jadhav/Dorrestein	423.128	n/a	0	8	OC[C@@]1(O)CO[C@@H](OC2=CC(O)=C3C[C@H](O)[C@H](OC3=C2)C4=CC(O)=C(O)C=C4)[C@@H]1O	1	423.129	specs_ms.mgf	CCMSLIB00000848636	90900	UPDATE-SINGLE-ANNOTATED-GOLD	 	specs_ms.mgf
903	M+H-H2O	N/A	1	Spectral Match to 9(10)-EpOME from NIST14	Isolated	Data deposited by pmallard	0.0	spectra/specs_ms.mgf903	N/A	N/A	HCD	Positive	ESI	279.232	lib-00032.mgf	Bronze	3	0.833457	28.6343	0.00799561	1	GNPS-NIST14-MATCHES	Data from Wolfender/Litaudon	279.232	N/A	0	7	N/A	1	279.24	specs_ms.mgf	CCMSLIB00003134722	41930	UPDATE-SINGLE-ANNOTATED-BRONZE	 	specs_ms.mgf
267	M+H-H2O	N/A	1	Spectral Match to 9(10)-EpOME from NIST14	Isolated	Data deposited by pmallard	0.0	spectra/specs_ms.mgf267	N/A	N/A	HCD	Positive	ESI	279.232	lib-00032.mgf	Bronze	3	0.833457	6.1203	0.00170898	1	GNPS-NIST14-MATCHES	Data from Wolfender/Litaudon	279.232	N/A	0	7	N/A	1	279.23	specs_ms.mgf	CCMSLIB00003134722	41930	UPDATE-SINGLE-ANNOTATED-BRONZE	 	specs_ms.mgf
687	M+H-CO	14510066	1	8-Hydroxyquinoline-2-carbaldehyde	Isolated	NIST	0.0	spectra/specs_ms.mgf687	InChI=1S/C10H7NO2/c12-6-8-5-4-7-2-1-3-9(13)10(7)11-8/h1-6,13H	N/A	HCD	Positive	ESI	146.06	lib-00033.mgf	Bronze	3	0.831747	0	0	1	NIST17	NIST	146.06	N/A	0	6	C1=CC2=C(C(=C1)O)N=C(C=C2)C=O	1	146.06	specs_ms.mgf	CCMSLIB00003702102	16310	UPDATE-SINGLE-ANNOTATED-BRONZE	 	specs_ms.mgf
1417	M+2H	117693-41-1	2	Descladinose Azithromycin	Crude	Neha	590.414	spectra/specs_ms.mgf1417	InChI=1S/C30H58N2O9/c1-12-22-30(8,38)25(35)20(6)32(11)15-16(2)14-29(7,37)26(18(4)23(33)19(5)27(36)40-22)41-28-24(34)21(31(9)10)13-17(3)39-28/h16-26,28,33-35,37-38H,12-15H2,1-11H3/t16-,17?,18+,19-,20-,21?,22-,23+,24?,25-,26-,28+,29-,30-/m1/s1	 PXDYILJJHOVNLO-BGOBXLIHSA-N	qTof	Positive	LC-ESI	296.2	lib-00013.mgf	Bronze	3	0.83148	57.697	295.176	1	GNPS-LIBRARY	Pieter C Dorrestein	296.2	 	0	19	CC[C@H]1OC(=O)[C@H](C)[C@@H](O)[C@H](C)[C@@H](O[C@@H]2OC(C)CC(C2O)N(C)C)[C@](C[C@H](CN([C@@H]([C@H]([C@]1(C)O)O)C)C)C)(C)O	1	296.217	specs_ms.mgf	CCMSLIB00000424801	155330	UPDATE-SINGLE-ANNOTATED-BRONZE	Antibiotic	specs_ms.mgf
29	M-H2O+H	 	1	"(4R)-4-((3S,5R,9S,10S,13R,14S,17R)-3-hydroxy-10,13-dimethyl-12-oxohexadecahydro-1H-cyclopenta[a]phenanthren-17-yl)pentanoic acid"	crude	Emily Gentry	390.277	spectra/specs_ms.mgf29	"InChI=1S/C24H38O4/c1-14(4-9-22(27)28)18-7-8-19-17-6-5-15-12-16(25)10-11-23(15,2)20(17)13-21(26)24(18,19)3/h14-20,25H,4-13H2,1-3H3,(H,27,28)/t14-,15-,16+,17+,18-,19+,20+,23+,24-/m1/s1"	N/A	qTof	Positive	ESI	373.273	lib-00001.mgf	Gold	1	0.816698	16.0243	0.00598145	1	BILELIB19	Dorrestein	373.273	 	0	14	[H][C@@]([C@@H]([C@@]12C)CC[C@@H]1[C@@H](CCC(O)=O)C)(CC[C@H]3[C@]4(C)CC[C@H](O)C3)[C@@H]4CC2=O	1	373.279	specs_ms.mgf	CCMSLIB00005464716	171930	UPDATE-SINGLE-ANNOTATED-GOLD	 	specs_ms.mgf
1365	M-H2O+H	 	1	"(4R)-4-((3S,5R,9S,10S,13R,14S,17R)-3-hydroxy-10,13-dimethyl-12-oxohexadecahydro-1H-cyclopenta[a]phenanthren-17-yl)pentanoic acid"	crude	Emily Gentry	390.277	spectra/specs_ms.mgf1365	"InChI=1S/C24H38O4/c1-14(4-9-22(27)28)18-7-8-19-17-6-5-15-12-16(25)10-11-23(15,2)20(17)13-21(26)24(18,19)3/h14-20,25H,4-13H2,1-3H3,(H,27,28)/t14-,15-,16+,17+,18-,19+,20+,23+,24-/m1/s1"	N/A	qTof	Positive	ESI	373.273	lib-00001.mgf	Gold	1	0.816698	30.4953	0.0113831	1	BILELIB19	Dorrestein	373.273	 	0	14	[H][C@@]([C@@H]([C@@]12C)CC[C@@H]1[C@@H](CCC(O)=O)C)(CC[C@H]3[C@]4(C)CC[C@H](O)C3)[C@@H]4CC2=O	1	373.284	specs_ms.mgf	CCMSLIB00005464716	171930	UPDATE-SINGLE-ANNOTATED-GOLD	 	specs_ms.mgf
112	M+H	N/A	1	"1,2,3,4-tetrahydroharmane-3-carboxylic acid"	Commercial	CASMI2016	0.0	spectra/specs_ms.mgf112	"InChI=1S/C13H14N2O2/c1-7-12-9(6-11(14-7)13(16)17)8-4-2-3-5-10(8)15-12/h2-5,7,11,14-15H,6H2,1H3,(H,16,17)"	 	qTof	Positive	LC-ESI	231.114	lib-00027.mgf	Gold	1	0.814192	2.57489	0.000595093	1	CASMI	CASMI	231.114	73530	0	6	N/A	1	231.113	specs_ms.mgf	CCMSLIB00000579738	139520	UPDATE-SINGLE-ANNOTATED-GOLD	 	specs_ms.mgf
72	M+H	N/A	1	"1,2,3,4-tetrahydroharmane-3-carboxylic acid"	Commercial	CASMI2016	0.0	spectra/specs_ms.mgf72	"InChI=1S/C13H14N2O2/c1-7-12-9(6-11(14-7)13(16)17)8-4-2-3-5-10(8)15-12/h2-5,7,11,14-15H,6H2,1H3,(H,16,17)"	 	qTof	Positive	LC-ESI	231.114	lib-00027.mgf	Gold	1	0.812185	3.03705	0.000701904	1	CASMI	CASMI	231.114	73530	0	6	N/A	1	231.113	specs_ms.mgf	CCMSLIB00000579738	321310	UPDATE-SINGLE-ANNOTATED-GOLD	 	specs_ms.mgf
772	M+H-H2O	123784	1	D-erythro-C18-Sphingosine	Isolated	NIST	0.0	spectra/specs_ms.mgf772	N/A	N/A	HCD	Positive	ESI	282.279	lib-00034.mgf	Bronze	3	0.803697	13.5139	0.0038147	1	NIST14	NIST	282.279	N/A	0	9	N/A	1	282.275	specs_ms.mgf	CCMSLIB00000324166	16500	UPDATE-SINGLE-ANNOTATED-BRONZE	 	specs_ms.mgf
1110	[M+H]+	N/A	1	MoNA:788880 Gabapentin Related Compound E	isolated	MoNA	0.0	spectra/specs_ms.mgf1110	InChI=1S/C9H14O4/c10-7(11)6-9(8(12)13)4-2-1-3-5-9/h1-6H2,(H,10,11)(H,12,13)	N/A	LC-ESI-QFT	 	LC-ESI-QFT	187.096	lib-00029.mgf	Bronze	3	0.79887	0.570892	0.000106812	1	MONA	MoNA	187.096	N/A	0	6	N/A	1	187.096	specs_ms.mgf	CCMSLIB00000567916	4590	UPDATE-SINGLE-ANNOTATED-BRONZE	 	specs_ms.mgf
934	M+H	642-71-7	0	Antiarol	Isolated	N/A	0.0	spectra/specs_ms.mgf934	InChI=1S/C9H12O4/c1-11-7-4-6(10)5-8(12-2)9(7)13-3/h4-5,10H,1-3H3	N/A	LC-ESI-QTOF	Positive-20eV	LC-ESI	185.081	lib-00035.mgf	Bronze	3	0.797131	6.67796	0.00123596	1	METLIN	Metlin	185.081	N/A	0	6	N/A	1	185.082	specs_ms.mgf	CCMSLIB00000505945	56900	UPDATE-SINGLE-ANNOTATED-BRONZE	 	specs_ms.mgf
329	M+H-H2O	478931827	1	9-Oxo-11-(3-pentyl-2-oxiranyl)-10E-undecenoic acid	Isolated	NIST	0.0	spectra/specs_ms.mgf329	InChI=1S/C18H30O4/c1-2-3-7-11-16-17(22-16)14-13-15(19)10-8-5-4-6-9-12-18(20)21/h13-14,16-17H,2-12H2,1H3,(H,20,21)/b14-13+	N/A	HCD	Positive	ESI	293.211	lib-00033.mgf	Bronze	3	0.792732	13.2182	0.00387573	1	NIST17	NIST	293.211	N/A	0	11	CCCCCC1C(O1)C=CC(=O)CCCCCCCC(=O)O	1	293.207	specs_ms.mgf	CCMSLIB00003256995	10130	UPDATE-SINGLE-ANNOTATED-BRONZE	 	specs_ms.mgf
472	M-H2O+H	 	1	"(R)-4-((1R,3S,5S,7R,8S,9S,10S,12S,13R,14S,17R)-1,3,7,12-tetrahydroxy-10,13-dimethylhexadecahydro-1H-cyclopenta[a]phenanthren-17-yl)pentanoic acid"	crude	Emily Gentry	424.283	spectra/specs_ms.mgf472	"InChI=1S/C24H40O6/c1-12(4-7-21(29)30)15-5-6-16-22-17(11-20(28)24(15,16)3)23(2)13(9-18(22)26)8-14(25)10-19(23)27/h12-20,22,25-28H,4-11H2,1-3H3,(H,29,30)/t12-,13+,14+,15-,16+,17+,18-,19-,20+,22+,23+,24-/m1/s1"	N/A	qTof	Positive	ESI	407.279	lib-00001.mgf	Gold	1	0.78613	14.9861	0.00610352	1	BILELIB19	Dorrestein	407.279	 	0	13	C[C@@H]([C@H]1CC[C@]2([H])[C@]1(C)[C@@H](O)C[C@@]3([H])[C@@]2([H])[C@H](O)C[C@@]4([H])[C@]3(C)[C@H](O)C[C@@H](O)C4)CCC(O)=O	1	407.285	specs_ms.mgf	CCMSLIB00005465782	679150	UPDATE-SINGLE-ANNOTATED-GOLD	 	specs_ms.mgf
1559	M+H	16833548	1	Pinolenic acid	Isolated	NIST	0.0	spectra/specs_ms.mgf1559	InChI=1S/C18H30O2/c1-2-3-4-5-6-7-8-9-10-11-12-13-14-15-16-17-18(19)20/h6-7,9-10,13-14H,2-5,8,11-12,15-17H2,1H3,(H,19,20)/b7-6-,10-9-,14-13-	N/A	HCD	Positive	ESI	279.232	lib-00033.mgf	Bronze	3	0.785511	20.1096	0.00561523	1	NIST17	NIST	279.232	N/A	0	7	CCCCCC=CCC=CCCC=CCCCC(=O)O	1	279.226	specs_ms.mgf	CCMSLIB00003328977	27200	UPDATE-SINGLE-ANNOTATED-BRONZE	 	specs_ms.mgf
1418	M+H-H2O	123784	1	Spectral Match to D-erythro-C18-Sphingosine from NIST14	Isolated	Data deposited by daniel	0.0	spectra/specs_ms.mgf1418	N/A	N/A	HCD	Positive	ESI	282.279	lib-00032.mgf	Bronze	3	0.785417	30.4874	0.00860596	1	GNPS-NIST14-MATCHES	Data from Pieter C. Dorrestein	282.279	N/A	0	8	N/A	1	282.288	specs_ms.mgf	CCMSLIB00003139422	17540	UPDATE-SINGLE-ANNOTATED-BRONZE	 	specs_ms.mgf
584	[M+H]+	79-83-4	1	Massbank:PR100400 D-Pantothenic acid|Vitamin B5|(R)-Pantothenate|(R)-(+)-N-(2,4-Dihydroxy-3,3-dimethyl-1-oxobutyl)-beta-alanine|D-(+)-Pantothenic acid	Isolated	Massbank	0.0	spectra/specs_ms.mgf584	1S/C9H17NO5/c1-9(2,5-11)7(14)8(15)10-4-3-6(12)13/h7,11,14H,3-5H2,1-2H3,(H,10,15)(H,12,13)/t7-/m0/s1	N/A	LC-ESI-QTOF	Positive	ESI	220.118	lib-00004.mgf	Bronze	3	0.779732	0.901172	0.000198364	1	MASSBANK	Putative Massbank Match	220.118	N/A	0	7	OCC(C)(C)[C@@H](O)C(=O)NCCC(O)=O	1	220.118	specs_ms.mgf	CCMSLIB00000223224	16400	UPDATE-SINGLE-ANNOTATED-BRONZE	 	specs_ms.mgf
929	M+H-H2O	5255174	1	3.beta.-Hydroxy-5-cholenoic acid	Isolated	NIST	0.0	spectra/specs_ms.mgf929	InChI=1S/C24H38O3/c1-15(4-9-22(26)27)19-7-8-20-18-6-5-16-14-17(25)10-12-23(16,2)21(18)11-13-24(19,20)3/h5,15,17-21,25H,4,6-14H2,1-3H3,(H,26,27)/t15-,17+,18+,19-,20+,21+,23+,24-/m1/s1	N/A	HCD	Positive	ESI	357.279	lib-00033.mgf	Bronze	3	0.774922	42.2813	0.0151062	1	NIST17	NIST	357.279	N/A	0	8	CC(CCC(=O)O)C1CCC2C1(CCC3C2CC=C4C3(CCC(C4)O)C)C	1	357.264	specs_ms.mgf	CCMSLIB00003317505	2270	UPDATE-SINGLE-ANNOTATED-BRONZE	 	specs_ms.mgf
1568	M+H	34217-90-8 	1	Stercobilin	Other	A. Jarmusch	595.35	spectra/specs_ms.mgf1568	 	 	Orbitrap	Positive	LC-ESI	595.35	lib-00013.mgf	Bronze	3	0.774494	19.0687	0.0113525	1	GNPS-LIBRARY	Dorrestein	595.35	5280818	0	16	CCC1C(C(=O)NC1CC2=NC(=CC3=C(C(=C(N3)CC4C(C(C(=O)N4)CC)C)C)CCC(=O)O)C(=C2C)CCC(=O)O)C	1	595.361	specs_ms.mgf	CCMSLIB00001059689	2.85121e+06	UPDATE-SINGLE-ANNOTATED-BRONZE	 	specs_ms.mgf
745	M+H	34217-90-8 	1	Stercobilin	Other	A. Jarmusch	595.35	spectra/specs_ms.mgf745	 	 	Orbitrap	Positive	LC-ESI	595.35	lib-00013.mgf	Bronze	3	0.770134	1.74284	0.0010376	1	GNPS-LIBRARY	Dorrestein	595.35	5280818	0	15	CCC1C(C(=O)NC1CC2=NC(=CC3=C(C(=C(N3)CC4C(C(C(=O)N4)CC)C)C)CCC(=O)O)C(=C2C)CCC(=O)O)C	1	595.351	specs_ms.mgf	CCMSLIB00001059689	3.57788e+06	UPDATE-SINGLE-ANNOTATED-BRONZE	 	specs_ms.mgf
581	M+H	0	1	Ile-Thr	Isolated	NIST	0.0	spectra/specs_ms.mgf581	InChI=1S/C10H20N2O4/c1-4-5(2)7(11)9(14)12-8(6(3)13)10(15)16/h5-8,13H,4,11H2,1-3H3,(H,12,14)(H,15,16)/t5-,6+,7-,8-/m0/s1	N/A	HCD	Positive	ESI	233.15	lib-00033.mgf	Bronze	3	0.768938	2.61785	0.000610352	1	NIST17	NIST	233.15	N/A	0	7	CCC(C)C(C(=O)NC(C(C)O)C(=O)O)N	1	233.15	specs_ms.mgf	CCMSLIB00003726637	9870	UPDATE-SINGLE-ANNOTATED-BRONZE	 	specs_ms.mgf
1198	M-H2O+H	 	1	"(4R)-4-((3S,5R,9S,10S,13R,14S,17R)-3-hydroxy-10,13-dimethyl-12-oxohexadecahydro-1H-cyclopenta[a]phenanthren-17-yl)pentanoic acid"	crude	Emily Gentry	390.277	spectra/specs_ms.mgf1198	"InChI=1S/C24H38O4/c1-14(4-9-22(27)28)18-7-8-19-17-6-5-15-12-16(25)10-11-23(15,2)20(17)13-21(26)24(18,19)3/h14-20,25H,4-13H2,1-3H3,(H,27,28)/t14-,15-,16+,17+,18-,19+,20+,23+,24-/m1/s1"	N/A	qTof	Positive	ESI	373.273	lib-00001.mgf	Gold	1	0.764112	4.33311	0.00161743	1	BILELIB19	Dorrestein	373.273	 	0	14	[H][C@@]([C@@H]([C@@]12C)CC[C@@H]1[C@@H](CCC(O)=O)C)(CC[C@H]3[C@]4(C)CC[C@H](O)C3)[C@@H]4CC2=O	1	373.271	specs_ms.mgf	CCMSLIB00005464716	48280	UPDATE-SINGLE-ANNOTATED-GOLD	 	specs_ms.mgf
1336	M+H-NH3	301020	1	Spectral Match to 9-Octadecenamide, (Z)- from NIST14	Isolated	Data deposited by amelnik	0.0	spectra/specs_ms.mgf1336	N/A	N/A	IT-FT/ion trap with FTMS	Positive	ESI	265.252	lib-00032.mgf	Bronze	3	0.762097	51.1978	0.0135803	1	GNPS-NIST14-MATCHES	Data from Rob Knight 	265.252	N/A	0	10	N/A	1	265.266	specs_ms.mgf	CCMSLIB00003134686	19920	UPDATE-SINGLE-ANNOTATED-BRONZE	 	specs_ms.mgf
23	M+H-NH3	301020	1	Spectral Match to 9-Octadecenamide, (Z)- from NIST14	Isolated	Data deposited by amelnik	0.0	spectra/specs_ms.mgf23	N/A	N/A	IT-FT/ion trap with FTMS	Positive	ESI	265.252	lib-00032.mgf	Bronze	3	0.758992	27.8424	0.00738525	1	GNPS-NIST14-MATCHES	Data from Rob Knight 	265.252	N/A	0	10	N/A	1	265.259	specs_ms.mgf	CCMSLIB00003134686	31700	UPDATE-SINGLE-ANNOTATED-BRONZE	 	specs_ms.mgf
522	M+H	 	1	N-Oleoylethanolamine	Commercial	lfnothias	0.0	spectra/specs_ms.mgf522	 	 	qTof	Positive	LC-ESI	326.306	lib-00013.mgf	Bronze	3	0.75852	1.49639	0.000488281	1	GNPS-LIBRARY	Dorrestein	326.306	 	0	11	CCCCCCCC\C=C/CCCCCCCC(=O)NCCO	1	326.306	specs_ms.mgf	CCMSLIB00004684205	17840	UPDATE-SINGLE-ANNOTATED-BRONZE	 	specs_ms.mgf
1480	M+H	 	1	"(R)-4-((3R,5S,8R,9S,10S,13R,14S,17R)-3-hydroxy-10,13-dimethyl-7,12-dioxohexadecahydro-1H-cyclopenta[a]phenanthren-17-yl)pentanoic acid"	crude	Emily Gentry	404.256	spectra/specs_ms.mgf1480	"InChI=1S/C24H36O5/c1-13(4-7-21(28)29)16-5-6-17-22-18(12-20(27)24(16,17)3)23(2)9-8-15(25)10-14(23)11-19(22)26/h13-18,22,25H,4-12H2,1-3H3,(H,28,29)/t13-,14+,15-,16-,17+,18+,22+,23+,24-/m1/s1"	N/A	qTof	Positive	ESI	405.264	lib-00001.mgf	Gold	1	0.750787	34.5641	0.0140076	1	BILELIB19	Dorrestein	405.264	 	0	15	C[C@@H]([C@H]1CC[C@]2([H])[C@]1(C)C(C[C@@]3([H])[C@@]2([H])C(C[C@@]4([H])[C@]3(C)CC[C@@H](O)C4)=O)=O)CCC(O)=O	1	405.25	specs_ms.mgf	CCMSLIB00005464807	152300	UPDATE-SINGLE-ANNOTATED-GOLD	 	specs_ms.mgf
337	M+H	N/A	1	Spectral Match to Undecaethylene glycol tridecyl ether from NIST14	Isolated	Data deposited by abouslimani	0.0	spectra/specs_ms.mgf337	N/A	N/A	QqQ	Positive	ESI	685.512	lib-00032.mgf	Bronze	3	0.750267	28.6695	0.0196533	1	GNPS-NIST14-MATCHES	Data from Maria Gloria Dominguez-Bello and Pieter Dorrestein	685.512	N/A	0	17	N/A	1	685.532	specs_ms.mgf	CCMSLIB00003139121	59070	UPDATE-SINGLE-ANNOTATED-BRONZE	 	specs_ms.mgf
968	M+H	642-71-7	0	Antiarol	Isolated	N/A	0.0	spectra/specs_ms.mgf968	InChI=1S/C9H12O4/c1-11-7-4-6(10)5-8(12-2)9(7)13-3/h4-5,10H,1-3H3	N/A	LC-ESI-QTOF	Positive-0eV	LC-ESI	185.081	lib-00035.mgf	Bronze	3	0.749731	0.164888	3.05176e-05	1	METLIN	Metlin	185.081	N/A	0	6	N/A	1	185.081	specs_ms.mgf	CCMSLIB00000505943	14060	UPDATE-SINGLE-ANNOTATED-BRONZE	 	specs_ms.mgf
881	M+H	471874	1	Stachydrine	Isolated	NIST	0.0	spectra/specs_ms.mgf881	InChI=1S/C7H13NO2/c1-8(2)5-3-4-6(8)7(9)10/h6H,3-5H2,1-2H3	N/A	HCD	Positive	ESI	144.102	lib-00033.mgf	Bronze	3	0.749621	4.12967	0.000595093	1	NIST17	NIST	144.102	N/A	0	6	C[N+]1(CCCC1C(=O)[O-])C	1	144.102	specs_ms.mgf	CCMSLIB00003384831	28100	UPDATE-SINGLE-ANNOTATED-BRONZE	 	specs_ms.mgf
1218	M-2H2O+H	 	1	"(R)-4-((3S,5S,7S,8R,9S,10S,12S,13R,14S,17R)-3,7,12-trihydroxy-10,13-dimethylhexadecahydro-1H-cyclopenta[a]phenanthren-17-yl)pentanoic acid"	crude	Emily Gentry	408.288	spectra/specs_ms.mgf1218	"InChI=1S/C24H40O5/c1-13(4-7-21(28)29)16-5-6-17-22-18(12-20(27)24(16,17)3)23(2)9-8-15(25)10-14(23)11-19(22)26/h13-20,22,25-27H,4-12H2,1-3H3,(H,28,29)/t13-,14+,15+,16-,17+,18+,19+,20+,22+,23+,24-/m1/s1"	N/A	qTof	Positive	ESI	373.274	lib-00001.mgf	Gold	1	0.739259	8.25741	0.00308228	1	BILELIB19	Dorrestein	373.274	 	0	13	C[C@@H]([C@H]1CC[C@]2([H])[C@]1(C)[C@@H](O)C[C@@]3([H])[C@@]2([H])[C@@H](O)C[C@@]4([H])[C@]3(C)CC[C@H](O)C4)CCC(O)=O	1	373.271	specs_ms.mgf	CCMSLIB00005464868	52310	UPDATE-SINGLE-ANNOTATED-GOLD	 	specs_ms.mgf
319	M+H	930121	1	Spectral Match to Decaethylene glycol tridecyl ether from NIST14	Isolated	Data deposited by aaksenov	0.0	spectra/specs_ms.mgf319	N/A	N/A	QqQ	Positive	ESI	641.485	lib-00032.mgf	Bronze	3	0.7326	30.7324	0.0197144	1	GNPS-NIST14-MATCHES	Data from P. Dorrestein R. Knight	641.485	N/A	0	15	N/A	1	641.505	specs_ms.mgf	CCMSLIB00003135890	44390	UPDATE-SINGLE-ANNOTATED-BRONZE	 	specs_ms.mgf
814	M-2H2O+H	 	1	"(R)-4-((3S,5S,7S,8R,9S,10S,12S,13R,14S,17R)-3,7,12-trihydroxy-10,13-dimethylhexadecahydro-1H-cyclopenta[a]phenanthren-17-yl)pentanoic acid"	crude	Emily Gentry	408.288	spectra/specs_ms.mgf814	"InChI=1S/C24H40O5/c1-13(4-7-21(28)29)16-5-6-17-22-18(12-20(27)24(16,17)3)23(2)9-8-15(25)10-14(23)11-19(22)26/h13-20,22,25-27H,4-12H2,1-3H3,(H,28,29)/t13-,14+,15+,16-,17+,18+,19+,20+,22+,23+,24-/m1/s1"	N/A	qTof	Positive	ESI	373.274	lib-00001.mgf	Gold	1	0.730465	8.33916	0.00311279	1	BILELIB19	Dorrestein	373.274	 	0	14	C[C@@H]([C@H]1CC[C@]2([H])[C@]1(C)[C@@H](O)C[C@@]3([H])[C@@]2([H])[C@@H](O)C[C@@]4([H])[C@]3(C)CC[C@H](O)C4)CCC(O)=O	1	373.277	specs_ms.mgf	CCMSLIB00005464868	141230	UPDATE-SINGLE-ANNOTATED-GOLD	 	specs_ms.mgf
841	M+H	2420566	1	10E,12Z-octadecadienoic acid	Isolated	NIST	0.0	spectra/specs_ms.mgf841	InChI=1S/C18H32O2/c1-2-3-4-5-6-7-8-9-10-11-12-13-14-15-16-17-18(19)20/h6-9H,2-5,10-17H2,1H3,(H,19,20)/b7-6-,9-8+	N/A	HCD	Positive	ESI	281.247	lib-00033.mgf	Bronze	3	0.728022	24.8483	0.00698853	1	NIST17	NIST	281.247	N/A	0	6	CCCCCC=CC=CCCCCCCCCC(=O)O	1	281.254	specs_ms.mgf	CCMSLIB00003328885	18420	UPDATE-SINGLE-ANNOTATED-BRONZE	 	specs_ms.mgf
4	M+H	693710	1	trans-13-Octadecenoic acid	Isolated	NIST	0.0	spectra/specs_ms.mgf4	InChI=1S/C18H34O2/c1-2-3-4-5-6-7-8-9-10-11-12-13-14-15-16-17-18(19)20/h5-6H,2-4,7-17H2,1H3,(H,19,20)/b6-5+	N/A	HCD	Positive	ESI	283.263	lib-00033.mgf	Bronze	3	0.726357	15.5139	0.00439453	1	NIST17	NIST	283.263	N/A	0	11	CCCCC=CCCCCCCCCCCCC(=O)O	1	283.268	specs_ms.mgf	CCMSLIB00003722197	141490	UPDATE-SINGLE-ANNOTATED-BRONZE	 	specs_ms.mgf
797	M+H-H2O	N/A	1	Spectral Match to 9(10)-EpOME from NIST14	Isolated	Data deposited by pmallard	0.0	spectra/specs_ms.mgf797	N/A	N/A	HCD	Positive	ESI	279.232	lib-00032.mgf	Bronze	3	0.724043	5.02739	0.00140381	1	GNPS-NIST14-MATCHES	Data from Wolfender/Litaudon	279.232	N/A	0	7	N/A	1	279.231	specs_ms.mgf	CCMSLIB00003134722	6980	UPDATE-SINGLE-ANNOTATED-BRONZE	 	specs_ms.mgf
290	M+H	125559742	1	9-Oxo-10E,12Z,15Z-octadecatrienoic acid	Isolated	NIST	0.0	spectra/specs_ms.mgf290	InChI=1S/C18H28O3/c1-2-3-4-5-6-8-11-14-17(19)15-12-9-7-10-13-16-18(20)21/h3-4,6,8,11,14H,2,5,7,9-10,12-13,15-16H2,1H3,(H,20,21)/b4-3-,8-6-,14-11+	N/A	HCD	Positive	ESI	293.211	lib-00033.mgf	Bronze	3	0.722106	2.39385	0.000701904	1	NIST17	NIST	293.211	N/A	0	6	CCC=CCC=CC=CC(=O)CCCCCCCC(=O)O	1	293.212	specs_ms.mgf	CCMSLIB00003257730	23080	UPDATE-SINGLE-ANNOTATED-BRONZE	 	specs_ms.mgf
815	M+H	2420566	1	10E,12Z-octadecadienoic acid	Isolated	NIST	0.0	spectra/specs_ms.mgf815	InChI=1S/C18H32O2/c1-2-3-4-5-6-7-8-9-10-11-12-13-14-15-16-17-18(19)20/h6-9H,2-5,10-17H2,1H3,(H,19,20)/b7-6-,9-8+	N/A	HCD	Positive	ESI	281.247	lib-00033.mgf	Bronze	3	0.716447	12.0444	0.00338745	1	NIST17	NIST	281.247	N/A	0	6	CCCCCC=CC=CCCCCCCCCC(=O)O	1	281.251	specs_ms.mgf	CCMSLIB00003328885	12600	UPDATE-SINGLE-ANNOTATED-BRONZE	 	specs_ms.mgf
348	M+H	10030736	1	Palmitelaidic acid	Isolated	NIST	0.0	spectra/specs_ms.mgf348	InChI=1S/C16H30O2/c1-2-3-4-5-6-7-8-9-10-11-12-13-14-15-16(17)18/h7-8H,2-6,9-15H2,1H3,(H,17,18)/b8-7+	N/A	HCD	Positive	ESI	255.232	lib-00033.mgf	Bronze	3	0.716048	7.05451	0.00180054	1	NIST17	NIST	255.232	N/A	0	9	CCCCCCC=CCCCCCCCC(=O)O	1	255.23	specs_ms.mgf	CCMSLIB00003302559	27080	UPDATE-SINGLE-ANNOTATED-BRONZE	 	specs_ms.mgf
898	M-H2O+H	474-25-9	1	chenodeoxycholic acid	commercial	A. Jarmusch	392.293	spectra/specs_ms.mgf898	1S/C24H40O4/c1-14(4-7-21(27)28)17-5-6-18-22-19(9-11-24(17,18)3)23(2)10-8-16(25)12-15(23)13-20(22)26/h14-20,22,25-26H,4-13H2,1-3H3,(H,27,28)/t14?,15-,16+,17+,18-,19-,20+,22-,23?,24?/m0/s1	N/A	Orbitrap	Positive	ESI	375.29	lib-00001.mgf	Gold	1	0.708552	53.0189	0.0198975	1	BILELIB19	Dorrestein	375.29	N/A	0	13	C[C@H](CCC(=O)O)[C@H]1CC[C@@H]2[C@@]1(CC[C@H]3[C@H]2[C@@H](C[C@H]4[C@@]3(CC[C@H](C4)O)C)O)C	1	375.31	specs_ms.mgf	CCMSLIB00005435503	30230	UPDATE-SINGLE-ANNOTATED-GOLD	 	specs_ms.mgf
1508	M+H	6921615	1	Spectral Match to Urobilin from NIST14	Isolated	Data deposited by fevargas	0.0	spectra/specs_ms.mgf1508	N/A	N/A	HCD	Positive	ESI	591.318	lib-00032.mgf	Bronze	3	0.708536	26.5272	0.015686	1	GNPS-NIST14-MATCHES	Data from Suryasarathi Dasgupta	591.318	N/A	0	20	N/A	1	591.334	specs_ms.mgf	CCMSLIB00003138997	2.57563e+06	UPDATE-SINGLE-ANNOTATED-BRONZE	 	specs_ms.mgf
564	M+H	 	1	N-(1-Deoxy-1-fructosyl)phenylalanine	Isolated	Armando Alcazar	0.0	spectra/specs_ms.mgf564	 	 	qTof	Positive	LC-ESI	328.14	lib-00013.mgf	Bronze	3	0.706448	0.372007	0.00012207	1	GNPS-LIBRARY	Claudia Maier	328.14	 	0	9	 	1	328.14	specs_ms.mgf	CCMSLIB00005467711	129100	UPDATE-SINGLE-ANNOTATED-BRONZE	 	specs_ms.mgf
109	M+H-H2O	875685464	1	10-Nitrooleic acid	Isolated	NIST	0.0	spectra/specs_ms.mgf109	InChI=1S/C18H33NO4/c1-2-3-4-5-8-11-14-17(19(22)23)15-12-9-6-7-10-13-16-18(20)21/h15H,2-14,16H2,1H3,(H,20,21)/b17-15+	N/A	IT-FT/ion trap with FTMS	Positive	ESI	310.238	lib-00033.mgf	Bronze	3	0.706147	3.54126	0.00109863	1	NIST17	NIST	310.238	N/A	0	6	CCCCCCCCC(=CCCCCCCCC(=O)O)[N+](=O)[O-]	1	310.239	specs_ms.mgf	CCMSLIB00003594022	36750	UPDATE-SINGLE-ANNOTATED-BRONZE	 	specs_ms.mgf
1461	M+H	105835447	1	15-Oxo-11Z,13E-eicosadienoic acid	Isolated	NIST	0.0	spectra/specs_ms.mgf1461	InChI=1S/C20H34O3/c1-2-3-13-16-19(21)17-14-11-9-7-5-4-6-8-10-12-15-18-20(22)23/h9,11,14,17H,2-8,10,12-13,15-16,18H2,1H3,(H,22,23)/b11-9-,17-14+	N/A	HCD	Positive	ESI	323.258	lib-00033.mgf	Bronze	3	0.70373	5.56997	0.00180054	1	NIST17	NIST	323.258	N/A	0	7	CCCCCC(=O)C=CC=CCCCCCCCCCC(=O)O	1	323.26	specs_ms.mgf	CCMSLIB00003258519	22790	UPDATE-SINGLE-ANNOTATED-BRONZE	 	specs_ms.mgf
